run_dir,best_model_checkpoint,best_metric,global_step
/content/drive/MyDrive/Thesis/models/phase3_runs/phase3_distilbert_vanilla_seed0_20260619_160048/checkpoints/checkpoint-2270,/content/drive/MyDrive/Thesis/models_new/phase3_corrected_runs/phase3_distilbert_vanilla_seed0_20260619_160048/checkpoints/checkpoint-2270,0.6477774340307842,2270
/content/drive/MyDrive/Thesis/models/phase3_runs/phase3_distilbert_vanilla_seed0_20260619_160048/checkpoints/checkpoint-3405,/content/drive/MyDrive/Thesis/models_new/phase3_corrected_runs/phase3_distilbert_vanilla_seed0_20260619_160048/checkpoints/checkpoint-2270,0.6477774340307842,3405
/content/drive/MyDrive/Thesis/models/phase3_runs/phase3_distilbert_vanilla_seed1_20260619_160812/checkpoints/checkpoint-2270,/content/drive/MyDrive/Thesis/models_new/phase3_corrected_runs/phase3_distilbert_vanilla_seed1_20260619_160812/checkpoints/checkpoint-2270,0.639225029607085,2270
/content/drive/MyDrive/Thesis/models/phase3_runs/phase3_distilbert_vanilla_seed1_20260619_160812/checkpoints/checkpoint-3405,/content/drive/MyDrive/Thesis/models_new/phase3_corrected_runs/phase3_distilbert_vanilla_seed1_20260619_160812/checkpoints/checkpoint-2270,0.639225029607085,3405
/content/drive/MyDrive/Thesis/models/phase3_runs/phase3_distilbert_vanilla_seed42_correct/checkpoints/checkpoint-2270,/content/drive/MyDrive/Thesis/models_new/phase3_corrected_runs/phase3_distilbert_vanilla_seed42_20260619_155322/checkpoints/checkpoint-2270,0.6465362753644843,2270
/content/drive/MyDrive/Thesis/models/phase3_runs/phase3_distilbert_vanilla_seed42_correct/checkpoints/checkpoint-3405,/content/drive/MyDrive/Thesis/models_new/phase3_corrected_runs/phase3_distilbert_vanilla_seed42_20260619_155322/checkpoints/checkpoint-2270,0.6465362753644843,3405
/content/drive/MyDrive/Thesis/models/phase4_alpha_focal_control_runs/phase4_alpha_focal_gamma1_alpha_capped_cap3_seed0_20260702_093721/checkpoints/checkpoint-2270,/content/drive/MyDrive/Thesis/models/phase4_alpha_focal_control_runs/phase4_alpha_focal_gamma1_alpha_capped_cap3_seed0_20260702_093721/checkpoints/checkpoint-2270,0.6105820101461763,2270
/content/drive/MyDrive/Thesis/models/phase4_alpha_focal_control_runs/phase4_alpha_focal_gamma1_alpha_capped_cap3_seed0_20260702_093721/checkpoints/checkpoint-3405,/content/drive/MyDrive/Thesis/models/phase4_alpha_focal_control_runs/phase4_alpha_focal_gamma1_alpha_capped_cap3_seed0_20260702_093721/checkpoints/checkpoint-2270,0.6105820101461763,3405
/content/drive/MyDrive/Thesis/models/phase4_alpha_focal_control_runs/phase4_alpha_focal_gamma1_alpha_capped_cap3_seed1_20260702_094421/checkpoints/checkpoint-2270,/content/drive/MyDrive/Thesis/models/phase4_alpha_focal_control_runs/phase4_alpha_focal_gamma1_alpha_capped_cap3_seed1_20260702_094421/checkpoints/checkpoint-2270,0.5881889682308911,2270
/content/drive/MyDrive/Thesis/models/phase4_alpha_focal_control_runs/phase4_alpha_focal_gamma1_alpha_capped_cap3_seed1_20260702_094421/checkpoints/checkpoint-3405,/content/drive/MyDrive/Thesis/models/phase4_alpha_focal_control_runs/phase4_alpha_focal_gamma1_alpha_capped_cap3_seed1_20260702_094421/checkpoints/checkpoint-3405,0.6084608382759408,3405
/content/drive/MyDrive/Thesis/models/phase4_alpha_focal_control_runs/phase4_alpha_focal_gamma1_alpha_capped_cap3_seed42_20260702_093019/checkpoints/checkpoint-2270,/content/drive/MyDrive/Thesis/models/phase4_alpha_focal_control_runs/phase4_alpha_focal_gamma1_alpha_capped_cap3_seed42_20260702_093019/checkpoints/checkpoint-2270,0.6058681926547397,2270
/content/drive/MyDrive/Thesis/models/phase4_alpha_focal_control_runs/phase4_alpha_focal_gamma1_alpha_capped_cap3_seed42_20260702_093019/checkpoints/checkpoint-3405,/content/drive/MyDrive/Thesis/models/phase4_alpha_focal_control_runs/phase4_alpha_focal_gamma1_alpha_capped_cap3_seed42_20260702_093019/checkpoints/checkpoint-3405,0.6060864227382844,3405
/content/drive/MyDrive/Thesis/models/phase4_alpha_focal_control_runs/phase4_alpha_focal_gamma1_alpha_effective_beta0999_seed0_20260702_101922/checkpoints/checkpoint-2270,/content/drive/MyDrive/Thesis/models/phase4_alpha_focal_control_runs/phase4_alpha_focal_gamma1_alpha_effective_beta0999_seed0_20260702_101922/checkpoints/checkpoint-2270,0.6230662433992681,2270
/content/drive/MyDrive/Thesis/models/phase4_alpha_focal_control_runs/phase4_alpha_focal_gamma1_alpha_effective_beta0999_seed0_20260702_101922/checkpoints/checkpoint-3405,/content/drive/MyDrive/Thesis/models/phase4_alpha_focal_control_runs/phase4_alpha_focal_gamma1_alpha_effective_beta0999_seed0_20260702_101922/checkpoints/checkpoint-3405,0.6308205784905868,3405
/content/drive/MyDrive/Thesis/models/phase4_alpha_focal_control_runs/phase4_alpha_focal_gamma1_alpha_effective_beta0999_seed1_20260702_102616/checkpoints/checkpoint-2270,/content/drive/MyDrive/Thesis/models/phase4_alpha_focal_control_runs/phase4_alpha_focal_gamma1_alpha_effective_beta0999_seed1_20260702_102616/checkpoints/checkpoint-2270,0.6239896652706834,2270
/content/drive/MyDrive/Thesis/models/phase4_alpha_focal_control_runs/phase4_alpha_focal_gamma1_alpha_effective_beta0999_seed1_20260702_102616/checkpoints/checkpoint-3405,/content/drive/MyDrive/Thesis/models/phase4_alpha_focal_control_runs/phase4_alpha_focal_gamma1_alpha_effective_beta0999_seed1_20260702_102616/checkpoints/checkpoint-3405,0.6289910264906233,3405
/content/drive/MyDrive/Thesis/models/phase4_alpha_focal_control_runs/phase4_alpha_focal_gamma1_alpha_effective_beta0999_seed42_20260702_101218/checkpoints/checkpoint-2270,/content/drive/MyDrive/Thesis/models/phase4_alpha_focal_control_runs/phase4_alpha_focal_gamma1_alpha_effective_beta0999_seed42_20260702_101218/checkpoints/checkpoint-2270,0.628826511611998,2270
/content/drive/MyDrive/Thesis/models/phase4_alpha_focal_control_runs/phase4_alpha_focal_gamma1_alpha_effective_beta0999_seed42_20260702_101218/checkpoints/checkpoint-3405,/content/drive/MyDrive/Thesis/models/phase4_alpha_focal_control_runs/phase4_alpha_focal_gamma1_alpha_effective_beta0999_seed42_20260702_101218/checkpoints/checkpoint-2270,0.628826511611998,3405
/content/drive/MyDrive/Thesis/models/phase4_alpha_focal_control_runs/phase4_alpha_focal_gamma1_alpha_sqrt_inverse_frequency_seed0_20260702_085518/checkpoints/checkpoint-2270,/content/drive/MyDrive/Thesis/models/phase4_alpha_focal_control_runs/phase4_alpha_focal_gamma1_alpha_sqrt_inverse_frequency_seed0_20260702_085518/checkpoints/checkpoint-2270,0.6195761461872288,2270
/content/drive/MyDrive/Thesis/models/phase4_alpha_focal_control_runs/phase4_alpha_focal_gamma1_alpha_sqrt_inverse_frequency_seed0_20260702_085518/checkpoints/checkpoint-3405,/content/drive/MyDrive/Thesis/models/phase4_alpha_focal_control_runs/phase4_alpha_focal_gamma1_alpha_sqrt_inverse_frequency_seed0_20260702_085518/checkpoints/checkpoint-2270,0.6195761461872288,3405
/content/drive/MyDrive/Thesis/models/phase4_alpha_focal_control_runs/phase4_alpha_focal_gamma1_alpha_sqrt_inverse_frequency_seed1_20260702_090211/checkpoints/checkpoint-2270,/content/drive/MyDrive/Thesis/models/phase4_alpha_focal_control_runs/phase4_alpha_focal_gamma1_alpha_sqrt_inverse_frequency_seed1_20260702_090211/checkpoints/checkpoint-2270,0.6050899581448073,2270
/content/drive/MyDrive/Thesis/models/phase4_alpha_focal_control_runs/phase4_alpha_focal_gamma1_alpha_sqrt_inverse_frequency_seed1_20260702_090211/checkpoints/checkpoint-3405,/content/drive/MyDrive/Thesis/models/phase4_alpha_focal_control_runs/phase4_alpha_focal_gamma1_alpha_sqrt_inverse_frequency_seed1_20260702_090211/checkpoints/checkpoint-3405,0.6224724420419321,3405
/content/drive/MyDrive/Thesis/models/phase4_alpha_focal_control_runs/phase4_alpha_focal_gamma1_alpha_sqrt_inverse_frequency_seed42_20260702_084815/checkpoints/checkpoint-2270,/content/drive/MyDrive/Thesis/models/phase4_alpha_focal_control_runs/phase4_alpha_focal_gamma1_alpha_sqrt_inverse_frequency_seed42_20260702_084815/checkpoints/checkpoint-2270,0.6225482503353483,2270
/content/drive/MyDrive/Thesis/models/phase4_alpha_focal_control_runs/phase4_alpha_focal_gamma1_alpha_sqrt_inverse_frequency_seed42_20260702_084815/checkpoints/checkpoint-3405,/content/drive/MyDrive/Thesis/models/phase4_alpha_focal_control_runs/phase4_alpha_focal_gamma1_alpha_sqrt_inverse_frequency_seed42_20260702_084815/checkpoints/checkpoint-2270,0.6225482503353483,3405
/content/drive/MyDrive/Thesis/models/phase4_alpha_focal_control_runs/phase4_alpha_focal_gamma2_alpha_capped_cap3_seed0_20260702_095809/checkpoints/checkpoint-2270,/content/drive/MyDrive/Thesis/models/phase4_alpha_focal_control_runs/phase4_alpha_focal_gamma2_alpha_capped_cap3_seed0_20260702_095809/checkpoints/checkpoint-2270,0.605168832281855,2270
/content/drive/MyDrive/Thesis/models/phase4_alpha_focal_control_runs/phase4_alpha_focal_gamma2_alpha_capped_cap3_seed0_20260702_095809/checkpoints/checkpoint-3405,/content/drive/MyDrive/Thesis/models/phase4_alpha_focal_control_runs/phase4_alpha_focal_gamma2_alpha_capped_cap3_seed0_20260702_095809/checkpoints/checkpoint-3405,0.6082478154387493,3405
/content/drive/MyDrive/Thesis/models/phase4_alpha_focal_control_runs/phase4_alpha_focal_gamma2_alpha_capped_cap3_seed1_20260702_100500/checkpoints/checkpoint-2270,/content/drive/MyDrive/Thesis/models/phase4_alpha_focal_control_runs/phase4_alpha_focal_gamma2_alpha_capped_cap3_seed1_20260702_100500/checkpoints/checkpoint-2270,0.5861345770753438,2270
/content/drive/MyDrive/Thesis/models/phase4_alpha_focal_control_runs/phase4_alpha_focal_gamma2_alpha_capped_cap3_seed1_20260702_100500/checkpoints/checkpoint-3405,/content/drive/MyDrive/Thesis/models/phase4_alpha_focal_control_runs/phase4_alpha_focal_gamma2_alpha_capped_cap3_seed1_20260702_100500/checkpoints/checkpoint-3405,0.6115414887894993,3405
/content/drive/MyDrive/Thesis/models/phase4_alpha_focal_control_runs/phase4_alpha_focal_gamma2_alpha_capped_cap3_seed42_20260702_095119/checkpoints/checkpoint-2270,/content/drive/MyDrive/Thesis/models/phase4_alpha_focal_control_runs/phase4_alpha_focal_gamma2_alpha_capped_cap3_seed42_20260702_095119/checkpoints/checkpoint-2270,0.610311685336901,2270
/content/drive/MyDrive/Thesis/models/phase4_alpha_focal_control_runs/phase4_alpha_focal_gamma2_alpha_capped_cap3_seed42_20260702_095119/checkpoints/checkpoint-3405,/content/drive/MyDrive/Thesis/models/phase4_alpha_focal_control_runs/phase4_alpha_focal_gamma2_alpha_capped_cap3_seed42_20260702_095119/checkpoints/checkpoint-2270,0.610311685336901,3405
/content/drive/MyDrive/Thesis/models/phase4_alpha_focal_control_runs/phase4_alpha_focal_gamma2_alpha_effective_beta0999_seed0_20260702_104032/checkpoints/checkpoint-2270,/content/drive/MyDrive/Thesis/models/phase4_alpha_focal_control_runs/phase4_alpha_focal_gamma2_alpha_effective_beta0999_seed0_20260702_104032/checkpoints/checkpoint-2270,0.6278065504100458,2270
/content/drive/MyDrive/Thesis/models/phase4_alpha_focal_control_runs/phase4_alpha_focal_gamma2_alpha_effective_beta0999_seed0_20260702_104032/checkpoints/checkpoint-3405,/content/drive/MyDrive/Thesis/models/phase4_alpha_focal_control_runs/phase4_alpha_focal_gamma2_alpha_effective_beta0999_seed0_20260702_104032/checkpoints/checkpoint-2270,0.6278065504100458,3405
/content/drive/MyDrive/Thesis/models/phase4_alpha_focal_control_runs/phase4_alpha_focal_gamma2_alpha_effective_beta0999_seed1_20260702_104729/checkpoints/checkpoint-2270,/content/drive/MyDrive/Thesis/models/phase4_alpha_focal_control_runs/phase4_alpha_focal_gamma2_alpha_effective_beta0999_seed1_20260702_104729/checkpoints/checkpoint-2270,0.6214262708599051,2270
/content/drive/MyDrive/Thesis/models/phase4_alpha_focal_control_runs/phase4_alpha_focal_gamma2_alpha_effective_beta0999_seed1_20260702_104729/checkpoints/checkpoint-3405,/content/drive/MyDrive/Thesis/models/phase4_alpha_focal_control_runs/phase4_alpha_focal_gamma2_alpha_effective_beta0999_seed1_20260702_104729/checkpoints/checkpoint-3405,0.6249050523490857,3405
/content/drive/MyDrive/Thesis/models/phase4_alpha_focal_control_runs/phase4_alpha_focal_gamma2_alpha_effective_beta0999_seed42_20260702_103333/checkpoints/checkpoint-2270,/content/drive/MyDrive/Thesis/models/phase4_alpha_focal_control_runs/phase4_alpha_focal_gamma2_alpha_effective_beta0999_seed42_20260702_103333/checkpoints/checkpoint-2270,0.6246118200448951,2270
/content/drive/MyDrive/Thesis/models/phase4_alpha_focal_control_runs/phase4_alpha_focal_gamma2_alpha_effective_beta0999_seed42_20260702_103333/checkpoints/checkpoint-3405,/content/drive/MyDrive/Thesis/models/phase4_alpha_focal_control_runs/phase4_alpha_focal_gamma2_alpha_effective_beta0999_seed42_20260702_103333/checkpoints/checkpoint-3405,0.628644351121701,3405
/content/drive/MyDrive/Thesis/models/phase4_alpha_focal_control_runs/phase4_alpha_focal_gamma2_alpha_sqrt_inverse_frequency_seed0_20260702_091615/checkpoints/checkpoint-2270,/content/drive/MyDrive/Thesis/models/phase4_alpha_focal_control_runs/phase4_alpha_focal_gamma2_alpha_sqrt_inverse_frequency_seed0_20260702_091615/checkpoints/checkpoint-2270,0.6204577309501698,2270
/content/drive/MyDrive/Thesis/models/phase4_alpha_focal_control_runs/phase4_alpha_focal_gamma2_alpha_sqrt_inverse_frequency_seed0_20260702_091615/checkpoints/checkpoint-3405,/content/drive/MyDrive/Thesis/models/phase4_alpha_focal_control_runs/phase4_alpha_focal_gamma2_alpha_sqrt_inverse_frequency_seed0_20260702_091615/checkpoints/checkpoint-2270,0.6204577309501698,3405
/content/drive/MyDrive/Thesis/models/phase4_alpha_focal_control_runs/phase4_alpha_focal_gamma2_alpha_sqrt_inverse_frequency_seed1_20260702_092312/checkpoints/checkpoint-2270,/content/drive/MyDrive/Thesis/models/phase4_alpha_focal_control_runs/phase4_alpha_focal_gamma2_alpha_sqrt_inverse_frequency_seed1_20260702_092312/checkpoints/checkpoint-2270,0.6041463679119902,2270
/content/drive/MyDrive/Thesis/models/phase4_alpha_focal_control_runs/phase4_alpha_focal_gamma2_alpha_sqrt_inverse_frequency_seed1_20260702_092312/checkpoints/checkpoint-3405,/content/drive/MyDrive/Thesis/models/phase4_alpha_focal_control_runs/phase4_alpha_focal_gamma2_alpha_sqrt_inverse_frequency_seed1_20260702_092312/checkpoints/checkpoint-3405,0.6199426079555673,3405
/content/drive/MyDrive/Thesis/models/phase4_alpha_focal_control_runs/phase4_alpha_focal_gamma2_alpha_sqrt_inverse_frequency_seed42_20260702_090920/checkpoints/checkpoint-2270,/content/drive/MyDrive/Thesis/models/phase4_alpha_focal_control_runs/phase4_alpha_focal_gamma2_alpha_sqrt_inverse_frequency_seed42_20260702_090920/checkpoints/checkpoint-2270,0.6205709918449239,2270
/content/drive/MyDrive/Thesis/models/phase4_alpha_focal_control_runs/phase4_alpha_focal_gamma2_alpha_sqrt_inverse_frequency_seed42_20260702_090920/checkpoints/checkpoint-3405,/content/drive/MyDrive/Thesis/models/phase4_alpha_focal_control_runs/phase4_alpha_focal_gamma2_alpha_sqrt_inverse_frequency_seed42_20260702_090920/checkpoints/checkpoint-2270,0.6205709918449239,3405
/content/drive/MyDrive/Thesis/models/phase4_class_weight_control_runs/phase4_cw_calibrated_power025_cap3_seed0_20260702_102801/checkpoints/checkpoint-2270,/content/drive/MyDrive/Thesis/models/phase4_class_weight_control_runs/phase4_cw_calibrated_power025_cap3_seed0_20260702_102801/checkpoints/checkpoint-2270,0.6347780960567916,2270
/content/drive/MyDrive/Thesis/models/phase4_class_weight_control_runs/phase4_cw_calibrated_power025_cap3_seed0_20260702_102801/checkpoints/checkpoint-3405,/content/drive/MyDrive/Thesis/models/phase4_class_weight_control_runs/phase4_cw_calibrated_power025_cap3_seed0_20260702_102801/checkpoints/checkpoint-2270,0.6347780960567916,3405
/content/drive/MyDrive/Thesis/models/phase4_class_weight_control_runs/phase4_cw_calibrated_power025_cap3_seed1_20260702_103519/checkpoints/checkpoint-2270,/content/drive/MyDrive/Thesis/models/phase4_class_weight_control_runs/phase4_cw_calibrated_power025_cap3_seed1_20260702_103519/checkpoints/checkpoint-2270,0.6237714580689705,2270
/content/drive/MyDrive/Thesis/models/phase4_class_weight_control_runs/phase4_cw_calibrated_power025_cap3_seed1_20260702_103519/checkpoints/checkpoint-3405,/content/drive/MyDrive/Thesis/models/phase4_class_weight_control_runs/phase4_cw_calibrated_power025_cap3_seed1_20260702_103519/checkpoints/checkpoint-3405,0.6318408017780001,3405
/content/drive/MyDrive/Thesis/models/phase4_class_weight_control_runs/phase4_cw_calibrated_power025_cap3_seed42_20260702_102043/checkpoints/checkpoint-2270,/content/drive/MyDrive/Thesis/models/phase4_class_weight_control_runs/phase4_cw_calibrated_power025_cap3_seed42_20260702_102043/checkpoints/checkpoint-2270,0.6338291507778412,2270
/content/drive/MyDrive/Thesis/models/phase4_class_weight_control_runs/phase4_cw_calibrated_power025_cap3_seed42_20260702_102043/checkpoints/checkpoint-3405,/content/drive/MyDrive/Thesis/models/phase4_class_weight_control_runs/phase4_cw_calibrated_power025_cap3_seed42_20260702_102043/checkpoints/checkpoint-2270,0.6338291507778412,3405
/content/drive/MyDrive/Thesis/models/phase4_class_weight_control_runs/phase4_cw_calibrated_power050_cap3_seed0_20260702_105009/checkpoints/checkpoint-2270,/content/drive/MyDrive/Thesis/models/phase4_class_weight_control_runs/phase4_cw_calibrated_power050_cap3_seed0_20260702_105009/checkpoints/checkpoint-2270,0.620216140218534,2270
/content/drive/MyDrive/Thesis/models/phase4_class_weight_control_runs/phase4_cw_calibrated_power050_cap3_seed0_20260702_105009/checkpoints/checkpoint-3405,/content/drive/MyDrive/Thesis/models/phase4_class_weight_control_runs/phase4_cw_calibrated_power050_cap3_seed0_20260702_105009/checkpoints/checkpoint-3405,0.6220302702568808,3405
/content/drive/MyDrive/Thesis/models/phase4_class_weight_control_runs/phase4_cw_calibrated_power050_cap3_seed1_20260702_105731/checkpoints/checkpoint-2270,/content/drive/MyDrive/Thesis/models/phase4_class_weight_control_runs/phase4_cw_calibrated_power050_cap3_seed1_20260702_105731/checkpoints/checkpoint-2270,0.6107612070573553,2270
/content/drive/MyDrive/Thesis/models/phase4_class_weight_control_runs/phase4_cw_calibrated_power050_cap3_seed1_20260702_105731/checkpoints/checkpoint-3405,/content/drive/MyDrive/Thesis/models/phase4_class_weight_control_runs/phase4_cw_calibrated_power050_cap3_seed1_20260702_105731/checkpoints/checkpoint-3405,0.6246835551255724,3405
/content/drive/MyDrive/Thesis/models/phase4_class_weight_control_runs/phase4_cw_calibrated_power050_cap3_seed42_20260702_104242/checkpoints/checkpoint-2270,/content/drive/MyDrive/Thesis/models/phase4_class_weight_control_runs/phase4_cw_calibrated_power050_cap3_seed42_20260702_104242/checkpoints/checkpoint-2270,0.6296526979341454,2270
/content/drive/MyDrive/Thesis/models/phase4_class_weight_control_runs/phase4_cw_calibrated_power050_cap3_seed42_20260702_104242/checkpoints/checkpoint-3405,/content/drive/MyDrive/Thesis/models/phase4_class_weight_control_runs/phase4_cw_calibrated_power050_cap3_seed42_20260702_104242/checkpoints/checkpoint-2270,0.6296526979341454,3405
/content/drive/MyDrive/Thesis/models/phase4_class_weight_control_runs/phase4_cw_calibrated_power075_cap3_seed0_20260702_111209/checkpoints/checkpoint-2270,/content/drive/MyDrive/Thesis/models/phase4_class_weight_control_runs/phase4_cw_calibrated_power075_cap3_seed0_20260702_111209/checkpoints/checkpoint-2270,0.6133854131248236,2270
/content/drive/MyDrive/Thesis/models/phase4_class_weight_control_runs/phase4_cw_calibrated_power075_cap3_seed0_20260702_111209/checkpoints/checkpoint-3405,/content/drive/MyDrive/Thesis/models/phase4_class_weight_control_runs/phase4_cw_calibrated_power075_cap3_seed0_20260702_111209/checkpoints/checkpoint-3405,0.6157209653273057,3405
/content/drive/MyDrive/Thesis/models/phase4_class_weight_control_runs/phase4_cw_calibrated_power075_cap3_seed1_20260702_111935/checkpoints/checkpoint-2270,/content/drive/MyDrive/Thesis/models/phase4_class_weight_control_runs/phase4_cw_calibrated_power075_cap3_seed1_20260702_111935/checkpoints/checkpoint-2270,0.6050936013432643,2270
/content/drive/MyDrive/Thesis/models/phase4_class_weight_control_runs/phase4_cw_calibrated_power075_cap3_seed1_20260702_111935/checkpoints/checkpoint-3405,/content/drive/MyDrive/Thesis/models/phase4_class_weight_control_runs/phase4_cw_calibrated_power075_cap3_seed1_20260702_111935/checkpoints/checkpoint-3405,0.6158410273726604,3405
/content/drive/MyDrive/Thesis/models/phase4_class_weight_control_runs/phase4_cw_calibrated_power075_cap3_seed42_20260702_110452/checkpoints/checkpoint-2270,/content/drive/MyDrive/Thesis/models/phase4_class_weight_control_runs/phase4_cw_calibrated_power075_cap3_seed42_20260702_110452/checkpoints/checkpoint-2270,0.6158787360198535,2270
/content/drive/MyDrive/Thesis/models/phase4_class_weight_control_runs/phase4_cw_calibrated_power075_cap3_seed42_20260702_110452/checkpoints/checkpoint-3405,/content/drive/MyDrive/Thesis/models/phase4_class_weight_control_runs/phase4_cw_calibrated_power075_cap3_seed42_20260702_110452/checkpoints/checkpoint-3405,0.6162989423953193,3405
/content/drive/MyDrive/Thesis/models/phase4_class_weight_control_runs/phase4_cw_capped_inverse_frequency_cap3_seed0_20260702_085531/checkpoints/checkpoint-2270,/content/drive/MyDrive/Thesis/models/phase4_class_weight_control_runs/phase4_cw_capped_inverse_frequency_cap3_seed0_20260702_085531/checkpoints/checkpoint-2270,0.6108102121665299,2270
/content/drive/MyDrive/Thesis/models/phase4_class_weight_control_runs/phase4_cw_capped_inverse_frequency_cap3_seed0_20260702_085531/checkpoints/checkpoint-3405,/content/drive/MyDrive/Thesis/models/phase4_class_weight_control_runs/phase4_cw_capped_inverse_frequency_cap3_seed0_20260702_085531/checkpoints/checkpoint-2270,0.6108102121665299,3405
/content/drive/MyDrive/Thesis/models/phase4_class_weight_control_runs/phase4_cw_capped_inverse_frequency_cap3_seed1_20260702_090254/checkpoints/checkpoint-2270,/content/drive/MyDrive/Thesis/models/phase4_class_weight_control_runs/phase4_cw_capped_inverse_frequency_cap3_seed1_20260702_090254/checkpoints/checkpoint-2270,0.5919696595040265,2270
/content/drive/MyDrive/Thesis/models/phase4_class_weight_control_runs/phase4_cw_capped_inverse_frequency_cap3_seed1_20260702_090254/checkpoints/checkpoint-3405,/content/drive/MyDrive/Thesis/models/phase4_class_weight_control_runs/phase4_cw_capped_inverse_frequency_cap3_seed1_20260702_090254/checkpoints/checkpoint-3405,0.6098321287422882,3405
/content/drive/MyDrive/Thesis/models/phase4_class_weight_control_runs/phase4_cw_capped_inverse_frequency_cap3_seed42_20260702_084813/checkpoints/checkpoint-2270,/content/drive/MyDrive/Thesis/models/phase4_class_weight_control_runs/phase4_cw_capped_inverse_frequency_cap3_seed42_20260702_084813/checkpoints/checkpoint-2270,0.6088622636415294,2270
/content/drive/MyDrive/Thesis/models/phase4_class_weight_control_runs/phase4_cw_capped_inverse_frequency_cap3_seed42_20260702_084813/checkpoints/checkpoint-3405,/content/drive/MyDrive/Thesis/models/phase4_class_weight_control_runs/phase4_cw_capped_inverse_frequency_cap3_seed42_20260702_084813/checkpoints/checkpoint-2270,0.6088622636415294,3405
/content/drive/MyDrive/Thesis/models/phase4_class_weight_control_runs/phase4_cw_capped_inverse_frequency_cap5_seed0_20260702_091747/checkpoints/checkpoint-2270,/content/drive/MyDrive/Thesis/models/phase4_class_weight_control_runs/phase4_cw_capped_inverse_frequency_cap5_seed0_20260702_091747/checkpoints/checkpoint-2270,0.5995359365528038,2270
/content/drive/MyDrive/Thesis/models/phase4_class_weight_control_runs/phase4_cw_capped_inverse_frequency_cap5_seed0_20260702_091747/checkpoints/checkpoint-3405,/content/drive/MyDrive/Thesis/models/phase4_class_weight_control_runs/phase4_cw_capped_inverse_frequency_cap5_seed0_20260702_091747/checkpoints/checkpoint-2270,0.5995359365528038,3405
/content/drive/MyDrive/Thesis/models/phase4_class_weight_control_runs/phase4_cw_capped_inverse_frequency_cap5_seed1_20260702_092504/checkpoints/checkpoint-2270,/content/drive/MyDrive/Thesis/models/phase4_class_weight_control_runs/phase4_cw_capped_inverse_frequency_cap5_seed1_20260702_092504/checkpoints/checkpoint-2270,0.5854160888925356,2270
/content/drive/MyDrive/Thesis/models/phase4_class_weight_control_runs/phase4_cw_capped_inverse_frequency_cap5_seed1_20260702_092504/checkpoints/checkpoint-3405,/content/drive/MyDrive/Thesis/models/phase4_class_weight_control_runs/phase4_cw_capped_inverse_frequency_cap5_seed1_20260702_092504/checkpoints/checkpoint-3405,0.6046510274218138,3405
/content/drive/MyDrive/Thesis/models/phase4_class_weight_control_runs/phase4_cw_capped_inverse_frequency_cap5_seed42_20260702_091025/checkpoints/checkpoint-2270,/content/drive/MyDrive/Thesis/models/phase4_class_weight_control_runs/phase4_cw_capped_inverse_frequency_cap5_seed42_20260702_091025/checkpoints/checkpoint-2270,0.6024428506939429,2270
/content/drive/MyDrive/Thesis/models/phase4_class_weight_control_runs/phase4_cw_capped_inverse_frequency_cap5_seed42_20260702_091025/checkpoints/checkpoint-3405,/content/drive/MyDrive/Thesis/models/phase4_class_weight_control_runs/phase4_cw_capped_inverse_frequency_cap5_seed42_20260702_091025/checkpoints/checkpoint-2270,0.6024428506939429,3405
/content/drive/MyDrive/Thesis/models/phase4_class_weight_control_runs/phase4_cw_effective_number_beta09999_seed0_20260702_100556/checkpoints/checkpoint-2270,/content/drive/MyDrive/Thesis/models/phase4_class_weight_control_runs/phase4_cw_effective_number_beta09999_seed0_20260702_100556/checkpoints/checkpoint-2270,0.6038550456959989,2270
/content/drive/MyDrive/Thesis/models/phase4_class_weight_control_runs/phase4_cw_effective_number_beta09999_seed0_20260702_100556/checkpoints/checkpoint-3405,/content/drive/MyDrive/Thesis/models/phase4_class_weight_control_runs/phase4_cw_effective_number_beta09999_seed0_20260702_100556/checkpoints/checkpoint-2270,0.6038550456959989,3405
/content/drive/MyDrive/Thesis/models/phase4_class_weight_control_runs/phase4_cw_effective_number_beta09999_seed1_20260702_101320/checkpoints/checkpoint-2270,/content/drive/MyDrive/Thesis/models/phase4_class_weight_control_runs/phase4_cw_effective_number_beta09999_seed1_20260702_101320/checkpoints/checkpoint-2270,0.5896342330136066,2270
/content/drive/MyDrive/Thesis/models/phase4_class_weight_control_runs/phase4_cw_effective_number_beta09999_seed1_20260702_101320/checkpoints/checkpoint-3405,/content/drive/MyDrive/Thesis/models/phase4_class_weight_control_runs/phase4_cw_effective_number_beta09999_seed1_20260702_101320/checkpoints/checkpoint-3405,0.6095745047818159,3405
/content/drive/MyDrive/Thesis/models/phase4_class_weight_control_runs/phase4_cw_effective_number_beta09999_seed42_20260702_095835/checkpoints/checkpoint-2270,/content/drive/MyDrive/Thesis/models/phase4_class_weight_control_runs/phase4_cw_effective_number_beta09999_seed42_20260702_095835/checkpoints/checkpoint-2270,0.6087785095131244,2270
/content/drive/MyDrive/Thesis/models/phase4_class_weight_control_runs/phase4_cw_effective_number_beta09999_seed42_20260702_095835/checkpoints/checkpoint-3405,/content/drive/MyDrive/Thesis/models/phase4_class_weight_control_runs/phase4_cw_effective_number_beta09999_seed42_20260702_095835/checkpoints/checkpoint-2270,0.6087785095131244,3405
/content/drive/MyDrive/Thesis/models/phase4_class_weight_control_runs/phase4_cw_effective_number_beta0999_seed0_20260702_094339/checkpoints/checkpoint-2270,/content/drive/MyDrive/Thesis/models/phase4_class_weight_control_runs/phase4_cw_effective_number_beta0999_seed0_20260702_094339/checkpoints/checkpoint-2270,0.6236122456141613,2270
/content/drive/MyDrive/Thesis/models/phase4_class_weight_control_runs/phase4_cw_effective_number_beta0999_seed0_20260702_094339/checkpoints/checkpoint-3405,/content/drive/MyDrive/Thesis/models/phase4_class_weight_control_runs/phase4_cw_effective_number_beta0999_seed0_20260702_094339/checkpoints/checkpoint-3405,0.6324132353563243,3405
/content/drive/MyDrive/Thesis/models/phase4_class_weight_control_runs/phase4_cw_effective_number_beta0999_seed1_20260702_095103/checkpoints/checkpoint-2270,/content/drive/MyDrive/Thesis/models/phase4_class_weight_control_runs/phase4_cw_effective_number_beta0999_seed1_20260702_095103/checkpoints/checkpoint-2270,0.626579170827904,2270
/content/drive/MyDrive/Thesis/models/phase4_class_weight_control_runs/phase4_cw_effective_number_beta0999_seed1_20260702_095103/checkpoints/checkpoint-3405,/content/drive/MyDrive/Thesis/models/phase4_class_weight_control_runs/phase4_cw_effective_number_beta0999_seed1_20260702_095103/checkpoints/checkpoint-3405,0.6291745378140023,3405
/content/drive/MyDrive/Thesis/models/phase4_class_weight_control_runs/phase4_cw_effective_number_beta0999_seed42_20260702_093620/checkpoints/checkpoint-2270,/content/drive/MyDrive/Thesis/models/phase4_class_weight_control_runs/phase4_cw_effective_number_beta0999_seed42_20260702_093620/checkpoints/checkpoint-2270,0.6268173213667038,2270
/content/drive/MyDrive/Thesis/models/phase4_class_weight_control_runs/phase4_cw_effective_number_beta0999_seed42_20260702_093620/checkpoints/checkpoint-3405,/content/drive/MyDrive/Thesis/models/phase4_class_weight_control_runs/phase4_cw_effective_number_beta0999_seed42_20260702_093620/checkpoints/checkpoint-3405,0.6314838877973423,3405
/content/drive/MyDrive/Thesis/models/phase4_class_weight_control_runs/phase4_cw_sqrt_inverse_frequency_seed0_20260702_083330/checkpoints/checkpoint-2270,/content/drive/MyDrive/Thesis/models/phase4_class_weight_control_runs/phase4_cw_sqrt_inverse_frequency_seed0_20260702_083330/checkpoints/checkpoint-2270,0.6169664915611243,2270
/content/drive/MyDrive/Thesis/models/phase4_class_weight_control_runs/phase4_cw_sqrt_inverse_frequency_seed0_20260702_083330/checkpoints/checkpoint-3405,/content/drive/MyDrive/Thesis/models/phase4_class_weight_control_runs/phase4_cw_sqrt_inverse_frequency_seed0_20260702_083330/checkpoints/checkpoint-3405,0.6204002234602931,3405
/content/drive/MyDrive/Thesis/models/phase4_class_weight_control_runs/phase4_cw_sqrt_inverse_frequency_seed1_20260702_084051/checkpoints/checkpoint-2270,/content/drive/MyDrive/Thesis/models/phase4_class_weight_control_runs/phase4_cw_sqrt_inverse_frequency_seed1_20260702_084051/checkpoints/checkpoint-2270,0.6084659906747979,2270
/content/drive/MyDrive/Thesis/models/phase4_class_weight_control_runs/phase4_cw_sqrt_inverse_frequency_seed1_20260702_084051/checkpoints/checkpoint-3405,/content/drive/MyDrive/Thesis/models/phase4_class_weight_control_runs/phase4_cw_sqrt_inverse_frequency_seed1_20260702_084051/checkpoints/checkpoint-3405,0.6246555295947738,3405
/content/drive/MyDrive/Thesis/models/phase4_class_weight_control_runs/phase4_cw_sqrt_inverse_frequency_seed42_20260702_082553/checkpoints/checkpoint-2270,/content/drive/MyDrive/Thesis/models/phase4_class_weight_control_runs/phase4_cw_sqrt_inverse_frequency_seed42_20260702_082553/checkpoints/checkpoint-2270,0.6292923155305951,2270
/content/drive/MyDrive/Thesis/models/phase4_class_weight_control_runs/phase4_cw_sqrt_inverse_frequency_seed42_20260702_082553/checkpoints/checkpoint-3405,/content/drive/MyDrive/Thesis/models/phase4_class_weight_control_runs/phase4_cw_sqrt_inverse_frequency_seed42_20260702_082553/checkpoints/checkpoint-2270,0.6292923155305951,3405
/content/drive/MyDrive/Thesis/models/phase4_runs/back_translation_runs/phase4_bt_k3_x3_seed0_20260619_114814/checkpoints/checkpoint-1429,/content/drive/MyDrive/Thesis/models_new/phase4_bt_k3_x3_seed0_20260619_114814/checkpoints/checkpoint-1429,0.5971106815131514,1429
/content/drive/MyDrive/Thesis/models/phase4_runs/back_translation_runs/phase4_bt_k3_x3_seed0_20260619_114814/checkpoints/checkpoint-4287,/content/drive/MyDrive/Thesis/models_new/phase4_bt_k3_x3_seed0_20260619_114814/checkpoints/checkpoint-1429,0.5971106815131514,4287
/content/drive/MyDrive/Thesis/models/phase4_runs/back_translation_runs/phase4_bt_k3_x3_seed1_20260619_120714/checkpoints/checkpoint-1429,/content/drive/MyDrive/Thesis/models_new/phase4_bt_k3_x3_seed1_20260619_120714/checkpoints/checkpoint-1429,0.5872452781985764,1429
/content/drive/MyDrive/Thesis/models/phase4_runs/back_translation_runs/phase4_bt_k3_x3_seed1_20260619_120714/checkpoints/checkpoint-4287,/content/drive/MyDrive/Thesis/models_new/phase4_bt_k3_x3_seed1_20260619_120714/checkpoints/checkpoint-1429,0.5872452781985764,4287
/content/drive/MyDrive/Thesis/models/phase4_runs/back_translation_runs/phase4_bt_k3_x3_seed42_correct/checkpoints/checkpoint-1429,/content/drive/MyDrive/Thesis/models_new/phase4_bt_k3_x3_seed42_20260619_100401/checkpoints/checkpoint-1429,0.5980211106599319,1429
/content/drive/MyDrive/Thesis/models/phase4_runs/back_translation_runs/phase4_bt_k3_x3_seed42_correct/checkpoints/checkpoint-4287,/content/drive/MyDrive/Thesis/models_new/phase4_bt_k3_x3_seed42_20260619_100401/checkpoints/checkpoint-1429,0.5980211106599319,4287
/content/drive/MyDrive/Thesis/models/phase4_runs/cross_entropy_runs/phase4_cw_seed0_20260619_132502/checkpoints/checkpoint-2270,/content/drive/MyDrive/Thesis/models_new/phase4_cw_seed0_20260619_132502/checkpoints/checkpoint-2270,0.5908893256985769,2270
/content/drive/MyDrive/Thesis/models/phase4_runs/cross_entropy_runs/phase4_cw_seed0_20260619_132502/checkpoints/checkpoint-3405,/content/drive/MyDrive/Thesis/models_new/phase4_cw_seed0_20260619_132502/checkpoints/checkpoint-2270,0.5908893256985769,3405
/content/drive/MyDrive/Thesis/models/phase4_runs/cross_entropy_runs/phase4_cw_seed1_20260619_133153/checkpoints/checkpoint-2270,/content/drive/MyDrive/Thesis/models_new/phase4_cw_seed1_20260619_133153/checkpoints/checkpoint-2270,0.5761598426228455,2270
/content/drive/MyDrive/Thesis/models/phase4_runs/cross_entropy_runs/phase4_cw_seed1_20260619_133153/checkpoints/checkpoint-3405,/content/drive/MyDrive/Thesis/models_new/phase4_cw_seed1_20260619_133153/checkpoints/checkpoint-3405,0.6034143653534988,3405
/content/drive/MyDrive/Thesis/models/phase4_runs/cross_entropy_runs/phase4_cw_seed42_correct/checkpoints/checkpoint-2270,/content/drive/MyDrive/Thesis/models_new/phase4_cw_seed42_20260619_131809/checkpoints/checkpoint-2270,0.6010893366808332,2270
/content/drive/MyDrive/Thesis/models/phase4_runs/cross_entropy_runs/phase4_cw_seed42_correct/checkpoints/checkpoint-3405,/content/drive/MyDrive/Thesis/models_new/phase4_cw_seed42_20260619_131809/checkpoints/checkpoint-2270,0.6010893366808332,3405
/content/drive/MyDrive/Thesis/models/phase4_runs/focal_loss_runs/phase4_focal_g1_seed0_20260619_141557/checkpoints/checkpoint-2270,/content/drive/MyDrive/Thesis/models_new/phase4_focal_g1_seed0_20260619_141557/checkpoints/checkpoint-2270,0.6425316373105493,2270
/content/drive/MyDrive/Thesis/models/phase4_runs/focal_loss_runs/phase4_focal_g1_seed0_20260619_141557/checkpoints/checkpoint-3405,/content/drive/MyDrive/Thesis/models_new/phase4_focal_g1_seed0_20260619_141557/checkpoints/checkpoint-2270,0.6425316373105493,3405
/content/drive/MyDrive/Thesis/models/phase4_runs/focal_loss_runs/phase4_focal_g1_seed1_20260619_142259/checkpoints/checkpoint-2270,/content/drive/MyDrive/Thesis/models_new/phase4_focal_g1_seed1_20260619_142259/checkpoints/checkpoint-2270,0.6320880385106485,2270
/content/drive/MyDrive/Thesis/models/phase4_runs/focal_loss_runs/phase4_focal_g1_seed1_20260619_142259/checkpoints/checkpoint-3405,/content/drive/MyDrive/Thesis/models_new/phase4_focal_g1_seed1_20260619_142259/checkpoints/checkpoint-3405,0.6345630010451043,3405
/content/drive/MyDrive/Thesis/models/phase4_runs/focal_loss_runs/phase4_focal_g1_seed42_correct/checkpoints/checkpoint-2270,/content/drive/MyDrive/Thesis/models_new/phase4_focal_g1_seed42_20260619_140902/checkpoints/checkpoint-2270,0.642032340694597,2270
/content/drive/MyDrive/Thesis/models/phase4_runs/focal_loss_runs/phase4_focal_g1_seed42_correct/checkpoints/checkpoint-3405,/content/drive/MyDrive/Thesis/models_new/phase4_focal_g1_seed42_20260619_140902/checkpoints/checkpoint-3405,0.6459262373500668,3405
/content/drive/MyDrive/Thesis/models/phase4_runs/focal_loss_runs/phase4_focal_g2_seed0_20260619_135442/checkpoints/checkpoint-2270,/content/drive/MyDrive/Thesis/models_new/phase4_focal_g2_seed0_20260619_135442/checkpoints/checkpoint-2270,0.6414544630559132,2270
/content/drive/MyDrive/Thesis/models/phase4_runs/focal_loss_runs/phase4_focal_g2_seed0_20260619_135442/checkpoints/checkpoint-3405,/content/drive/MyDrive/Thesis/models_new/phase4_focal_g2_seed0_20260619_135442/checkpoints/checkpoint-2270,0.6414544630559132,3405
/content/drive/MyDrive/Thesis/models/phase4_runs/focal_loss_runs/phase4_focal_g2_seed1_20260619_140142/checkpoints/checkpoint-2270,/content/drive/MyDrive/Thesis/models_new/phase4_focal_g2_seed1_20260619_140142/checkpoints/checkpoint-2270,0.6271462957651444,2270
/content/drive/MyDrive/Thesis/models/phase4_runs/focal_loss_runs/phase4_focal_g2_seed1_20260619_140142/checkpoints/checkpoint-3405,/content/drive/MyDrive/Thesis/models_new/phase4_focal_g2_seed1_20260619_140142/checkpoints/checkpoint-3405,0.6341205453661475,3405
/content/drive/MyDrive/Thesis/models/phase4_runs/focal_loss_runs/phase4_focal_g2_seed42_20260619_134728/checkpoints/checkpoint-2270,/content/drive/MyDrive/Thesis/models_new/phase4_focal_g2_seed42_20260619_134728/checkpoints/checkpoint-2270,0.6429882862291191,2270
/content/drive/MyDrive/Thesis/models/phase4_runs/focal_loss_runs/phase4_focal_g2_seed42_20260619_134728/checkpoints/checkpoint-3405,/content/drive/MyDrive/Thesis/models_new/phase4_focal_g2_seed42_20260619_134728/checkpoints/checkpoint-2270,0.6429882862291191,3405
